<?xml version='1.0' encoding='UTF-8' ?>
<timeLogEntries>
  <time id="1" path="/Proyecto/LAB2/Planning" start="@1551901814785" delta="63" />
  <time id="2" path="/Proyecto/LAB2/Code" start="@1551994102248" delta="130" />
  <time id="3" path="/Proyecto/LAB2/Code" start="@1552005323867" delta="10" />
  <time id="4" path="/Proyecto/LAB2/Code" start="@1552330924521" delta="77" />
  <time id="5" path="/Proyecto/LAB2/Code" start="@1552342565064" delta="20" />
  <time id="6" path="/Proyecto/LAB2/Code" start="@1552350365001" delta="102" />
  <time id="7" path="/Proyecto/LAB2/Code" start="@1552405822301" delta="22" />
  <time id="8" path="/Proyecto/LAB2/Test" start="@1552407153662" delta="31" />
  <time id="9" path="/Proyecto/LAB2/Code" start="@1552448718341" delta="76" />
  <time id="10" path="/Proyecto/LAB2/Code" start="@1552507866437" delta="49" />
  <time id="11" path="/Proyecto/LAB2/Test" start="@1552510827784" delta="13" />
  <time id="12" path="/Proyecto/LAB2/Code" start="@1552511603061" delta="12" />
  <time id="13" path="/Proyecto/LAB2/Test" start="@1552512312889" delta="18" />
  <time id="14" path="/Proyecto/LAB2/Code" start="@1552514916426" delta="30" />
  <time id="15" path="/Proyecto/LAB2/Code" start="@1552518217390" delta="93" />
  <time id="16" path="/Proyecto/LAB2/Code" start="@1552524573942" delta="49" interrupt="3" />
  <time id="17" path="/Proyecto/LAB2/Code" start="@1552549768581" delta="57" />
  <time id="18" path="/Proyecto/LAB2/Code" start="@1552569574678" delta="34" />
  <time id="19" path="/Proyecto/LAB2/Code" start="@1552572778909" delta="9" />
  <time id="20" path="/Proyecto/LAB2/Code" start="@1552576562119" delta="125" interrupt="2" />
  <time id="22" path="/Proyecto/LAB2/Code" start="@1552662905039" delta="24" />
  <time id="23" path="/Proyecto/LAB2/Code" start="@1552670269716" delta="40" />
  <time id="24" path="/Proyecto/LAB2/Code" start="@1552679716528" delta="37" />
  <time id="25" path="/Lab3/PSP0/Design" start="@1555680459560" delta="34" interrupt="5" />
  <time id="26" path="/Lab3/PSP0/Code" start="@1555682796000" delta="33" />
  <time id="27" path="/Lab3/PSP0/Design" start="@1555813173032" delta="130" />
  <time id="31" path="/Lab3/PSP0/Code" start="@1555739583000" delta="195" />
  <time id="32" path="/Lab3/PSP0/Code" start="@1555866964842" delta="70" />
  <time id="33" path="/Lab3/PSP0/Planning" start="@1554924397000" delta="123" />
  <time id="35" path="/Lab3/PSP0/Code" start="@1555875616685" delta="61" />
  <time id="36" path="/Lab3/PSP0/Code" start="@1555880510363" delta="39" />
  <time id="37" path="/Lab3/PSP0/Test" start="@1555882874705" delta="64" />
  <time id="38" path="/Lab3/PSP0/Code" start="@1556230136482" delta="66" />
  <time id="39" path="/Lab3/PSP0/Code" start="@1556235011984" delta="101" />
  <time id="40" path="/Lab3/PSP0/Code" start="@1556241084188" delta="70" />
  <time id="41" path="/Lab3/PSP0/Postmortem" start="@1556245311971" />
  <time id="42" path="/AEDProject/PSP0/Code" start="@1558706953000" delta="233" interrupt="17" comment="Inicio del desarrollo de la GUI" />
  <time id="43" path="/AEDProject/PSP0/Code" start="@1558816065008" delta="255" comment="Conexion del modelo del problema con la interfaz grafia. Primera parte" />
  <time id="44" path="/AEDProject/PSP0/Code" start="@1558885305402" delta="41" comment="Continuacion de la conexion del modelo del problema con la interfz grafica. 2da parte" />
  <time id="45" path="/AEDProject/PSP0/Code" start="@1558901481000" delta="307" interrupt="20" comment="Adición de funcionalidades por interfaz grafica. Corrección de datos en el modelo del problema" />
  <time id="47" path="/AEDProject/PSP0/Code" start="@1558920746000" delta="13" />
  <time id="48" path="/AEDProject/PSP0/Code" start="@1558977865000" delta="65" interrupt="15" comment="Agregando detalles a la interfaz de usuario" />
  <time id="49" path="/AEDProject/PSP0/Code" start="@1558986178276" delta="196" interrupt="23" />
  <time id="50" path="/AEDProject/PSP0/Code" start="@1559072050333" delta="83" />
  <time id="51" path="/AEDProject/PSP0/Code" start="@1559078885934" delta="132" />
  <time id="52" path="/AEDProject/PSP0/Code" start="@1559089021176" delta="38" />
</timeLogEntries>
